epoch,time,train/box_loss,train/cls_loss,train/dfl_loss,metrics/precision(B),metrics/recall(B),metrics/mAP50(B),metrics/mAP50-95(B),val/box_loss,val/cls_loss,val/dfl_loss,lr/pg0,lr/pg1,lr/pg2
1,3374.28,0.71298,4.09347,0.98695,0.96234,0.92976,0.97439,0.84292,0.5723,1.71601,0.89132,0.00333307,0.00333307,0.00333307
2,6720.47,0.68673,2.79812,0.96712,0.96585,0.93858,0.97837,0.86342,0.53068,1.55489,0.87306,0.00666568,0.00666568,0.00666568
3,10046,0.73245,3.03006,0.96257,0.94592,0.95113,0.97859,0.86253,0.52682,1.73855,0.85847,0.00999539,0.00999539,0.00999539
4,13370.8,0.75542,3.11533,0.95431,0.92003,0.93326,0.97344,0.85494,0.53067,2.12162,0.84602,0.00999023,0.00999023,0.00999023
5,16696.4,0.7338,2.97793,0.93961,0.93395,0.94083,0.97571,0.85569,0.53735,2.13507,0.84306,0.00998264,0.00998264,0.00998264
6,20019.8,0.72202,2.89283,0.93355,0.95104,0.93514,0.97532,0.85357,0.54173,2.11067,0.84086,0.00997288,0.00997288,0.00997288
7,23343.5,0.71509,2.8588,0.93083,0.95513,0.93325,0.97645,0.85488,0.5408,1.98494,0.83659,0.00996097,0.00996097,0.00996097
8,26663.9,0.70966,2.82982,0.92839,0.95662,0.9457,0.97794,0.8586,0.53566,1.8249,0.83273,0.0099469,0.0099469,0.0099469
9,29984.3,0.7058,2.80446,0.92639,0.96454,0.94242,0.97932,0.86403,0.52725,1.69117,0.82868,0.00993068,0.00993068,0.00993068
10,33311.5,0.70405,2.79612,0.92521,0.96706,0.94289,0.98023,0.86752,0.52185,1.59017,0.82541,0.00991232,0.00991232,0.00991232
11,36633.7,0.70116,2.78078,0.9241,0.96664,0.94471,0.98067,0.87088,0.51506,1.51726,0.82248,0.00989183,0.00989183,0.00989183
12,39954,0.69984,2.77201,0.92366,0.96657,0.94698,0.98098,0.87304,0.51195,1.4706,0.82084,0.00986922,0.00986922,0.00986922
13,43276.1,0.69813,2.7659,0.92326,0.96878,0.94603,0.98133,0.87529,0.50877,1.43824,0.81943,0.00984449,0.00984449,0.00984449
14,46601.9,0.69619,2.75471,0.92211,0.9676,0.94676,0.98161,0.87576,0.50678,1.41773,0.81807,0.00981765,0.00981765,0.00981765
15,49919.5,0.69681,2.75984,0.92267,0.96822,0.94673,0.98159,0.87683,0.50463,1.4048,0.81729,0.00978873,0.00978873,0.00978873
16,53244.4,0.69517,2.74944,0.9224,0.97137,0.94498,0.98189,0.87844,0.5022,1.39082,0.81666,0.00975773,0.00975773,0.00975773
17,56567.5,0.69197,2.73908,0.92086,0.97074,0.94508,0.98188,0.87938,0.50024,1.38163,0.816,0.00972466,0.00972466,0.00972466
18,59891.6,0.69278,2.73111,0.92143,0.96994,0.9465,0.98197,0.87972,0.49946,1.37606,0.81562,0.00968955,0.00968955,0.00968955
19,63211.3,0.69105,2.72143,0.92,0.96967,0.94666,0.98211,0.88053,0.49797,1.36812,0.81506,0.00965239,0.00965239,0.00965239
20,66535.4,0.68961,2.72484,0.9199,0.96905,0.94689,0.98216,0.88148,0.4963,1.36281,0.81466,0.00961322,0.00961322,0.00961322
21,3308.33,0.68388,2.68832,0.91796,0.97055,0.94697,0.98243,0.88207,0.49444,1.35081,0.81417,0.00957205,0.00957205,0.00957205
22,6627.77,0.6906,2.72262,0.9204,0.97026,0.94734,0.98253,0.88276,0.4938,1.34713,0.8141,0.00952889,0.00952889,0.00952889
23,9946.84,0.68998,2.72213,0.91988,0.97147,0.94637,0.9826,0.88254,0.49397,1.34551,0.81401,0.00948377,0.00948377,0.00948377
24,13266.3,0.68718,2.70984,0.91861,0.97052,0.94697,0.98258,0.8827,0.49339,1.34646,0.81379,0.00943671,0.00943671,0.00943671
25,16580.7,0.68573,2.70526,0.91788,0.969,0.9495,0.98271,0.88292,0.49345,1.34583,0.81346,0.00938772,0.00938772,0.00938772
26,19905.5,0.685,2.69297,0.91747,0.96909,0.94892,0.9827,0.88285,0.49325,1.34272,0.81318,0.00933683,0.00933683,0.00933683
27,23234.8,0.6836,2.6904,0.91711,0.97106,0.9476,0.98269,0.88321,0.49266,1.3395,0.8129,0.00928405,0.00928405,0.00928405
28,26558.4,0.68397,2.69354,0.91753,0.96982,0.94858,0.98261,0.88296,0.49223,1.33974,0.8128,0.00922942,0.00922942,0.00922942
29,29877.1,0.68406,2.69317,0.91799,0.97062,0.94849,0.98276,0.88339,0.49209,1.33839,0.81276,0.00917296,0.00917296,0.00917296
30,33203.2,0.68425,2.69006,0.91783,0.97038,0.94875,0.98277,0.88366,0.4913,1.33753,0.81255,0.00911469,0.00911469,0.00911469
31,36526.3,0.68333,2.68334,0.91848,0.96925,0.94928,0.98282,0.88424,0.49069,1.3364,0.81268,0.00905463,0.00905463,0.00905463
32,39842.6,0.68137,2.67753,0.91685,0.97231,0.94696,0.98285,0.8844,0.49026,1.33563,0.81256,0.00899282,0.00899282,0.00899282
33,43159.5,0.68108,2.67739,0.91733,0.97085,0.94835,0.98279,0.88511,0.48889,1.33468,0.81224,0.00892928,0.00892928,0.00892928
34,46473.4,0.68021,2.66987,0.91657,0.96991,0.94915,0.98295,0.88526,0.48737,1.32923,0.81174,0.00886404,0.00886404,0.00886404
35,49793.1,0.68024,2.67324,0.91689,0.97169,0.94794,0.98304,0.88603,0.48621,1.3277,0.81145,0.00879713,0.00879713,0.00879713
36,53109.4,0.67833,2.65842,0.91578,0.97063,0.94856,0.98319,0.88644,0.48607,1.32557,0.81136,0.00872857,0.00872857,0.00872857
37,56427.9,0.67767,2.65885,0.916,0.9707,0.94859,0.98319,0.8864,0.48559,1.32158,0.8113,0.00865839,0.00865839,0.00865839
38,59739.5,0.6766,2.64744,0.9151,0.96754,0.95121,0.98322,0.88685,0.48489,1.32095,0.81116,0.00858664,0.00858664,0.00858664
39,63053,0.67516,2.63899,0.9145,0.96642,0.95286,0.98331,0.88688,0.48463,1.31911,0.81073,0.00851333,0.00851333,0.00851333
40,66374.4,0.6742,2.64163,0.91416,0.97082,0.94879,0.98338,0.88725,0.48464,1.31682,0.81048,0.00843851,0.00843851,0.00843851
41,69693,0.67412,2.64318,0.9139,0.97061,0.94959,0.98347,0.88724,0.48465,1.31303,0.81024,0.0083622,0.0083622,0.0083622
42,73028.5,0.67273,2.62974,0.91322,0.97117,0.95043,0.98361,0.88716,0.48552,1.31223,0.8101,0.00828443,0.00828443,0.00828443
43,3301.45,0.66443,2.58404,0.91067,0.97224,0.94989,0.98375,0.88771,0.48396,1.30333,0.80971,0.00820525,0.00820525,0.00820525
44,6617.25,0.67245,2.62452,0.91372,0.9721,0.94922,0.98362,0.88757,0.48414,1.30255,0.80985,0.00812468,0.00812468,0.00812468
45,9928.51,0.67209,2.62521,0.91335,0.97309,0.94847,0.9836,0.88798,0.48326,1.29987,0.8096,0.00804277,0.00804277,0.00804277
46,13249,0.6709,2.61665,0.91262,0.97131,0.95051,0.98366,0.88779,0.48366,1.29704,0.8095,0.00795954,0.00795954,0.00795954
47,16561.6,0.67078,2.61858,0.91273,0.9713,0.95055,0.98376,0.88767,0.48363,1.29664,0.80949,0.00787503,0.00787503,0.00787503
48,19880.5,0.67017,2.60513,0.91187,0.97364,0.94866,0.98373,0.88801,0.48309,1.29599,0.80919,0.00778929,0.00778929,0.00778929
49,23198.2,0.66895,2.6046,0.9122,0.96996,0.95143,0.98382,0.88845,0.48274,1.29397,0.80922,0.00770234,0.00770234,0.00770234
50,26523.1,0.66893,2.60515,0.91226,0.9711,0.95042,0.98382,0.88829,0.4826,1.29505,0.80902,0.00761423,0.00761423,0.00761423
51,29848.6,0.66812,2.59902,0.9118,0.97188,0.95015,0.98393,0.88863,0.48192,1.29367,0.80882,0.007525,0.007525,0.007525
52,33169.6,0.66821,2.59952,0.91196,0.97233,0.95034,0.98407,0.88894,0.48069,1.28891,0.80861,0.00743468,0.00743468,0.00743468
53,36489.7,0.66746,2.59249,0.9117,0.97115,0.9505,0.98395,0.88913,0.48086,1.2895,0.80863,0.00734332,0.00734332,0.00734332
54,39802.7,0.6651,2.58558,0.91039,0.97002,0.95192,0.98406,0.8894,0.48038,1.28755,0.80828,0.00725094,0.00725094,0.00725094
55,43130,0.66495,2.58624,0.91091,0.97071,0.95162,0.98412,0.88975,0.47992,1.28604,0.80809,0.00715761,0.00715761,0.00715761
56,46443.7,0.66404,2.57722,0.90936,0.96984,0.95194,0.98416,0.88954,0.47911,1.28403,0.80752,0.00706335,0.00706335,0.00706335
57,49759.5,0.66475,2.58283,0.91087,0.96939,0.9521,0.98424,0.89045,0.47856,1.27998,0.80759,0.0069682,0.0069682,0.0069682
58,53071.6,0.66279,2.56824,0.90939,0.97029,0.95125,0.98418,0.89066,0.4778,1.27946,0.80747,0.00687222,0.00687222,0.00687222
59,56377.1,0.66145,2.56438,0.90914,0.97131,0.95115,0.98417,0.89042,0.47717,1.27853,0.80711,0.00677543,0.00677543,0.00677543
60,59698.7,0.66126,2.5592,0.90936,0.97307,0.94917,0.98417,0.89085,0.47656,1.27791,0.80692,0.00667789,0.00667789,0.00667789
61,63023.1,0.65914,2.54878,0.90825,0.97133,0.95126,0.98431,0.89176,0.47515,1.27405,0.80652,0.00657963,0.00657963,0.00657963
62,66347.6,0.65796,2.54726,0.90809,0.9701,0.95223,0.98433,0.89159,0.47567,1.27228,0.80644,0.00648071,0.00648071,0.00648071
